"region";"alder";"ar";"xxx";"count"
"30 Viken";"000 0 ar";"2022";"Personer";12620
"30 Viken";"001 1 ar";"2022";"Personer";12512
"30 Viken";"002 2 ar";"2022";"Personer";13203
"30 Viken";"003 3 ar";"2022";"Personer";13727
"30 Viken";"004 4 ar";"2022";"Personer";14003
"30 Viken";"005 5 ar";"2022";"Personer";14699
"30 Viken";"006 6 ar";"2022";"Personer";14954
"30 Viken";"007 7 ar";"2022";"Personer";15034
"30 Viken";"008 8 ar";"2022";"Personer";15056
"30 Viken";"009 9 ar";"2022";"Personer";15683
"30 Viken";"010 10 ar";"2022";"Personer";15719
"30 Viken";"011 11 ar";"2022";"Personer";16239
"30 Viken";"012 12 ar";"2022";"Personer";16646
"30 Viken";"013 13 ar";"2022";"Personer";16498
"30 Viken";"014 14 ar";"2022";"Personer";16055
"30 Viken";"015 15 ar";"2022";"Personer";16248
"30 Viken";"016 16 ar";"2022";"Personer";15791
"30 Viken";"017 17 ar";"2022";"Personer";15969
"30 Viken";"018 18 ar";"2022";"Personer";15709
"30 Viken";"019 19 ar";"2022";"Personer";14971
"30 Viken";"020 20 ar";"2022";"Personer";14241
"30 Viken";"021 21 ar";"2022";"Personer";14003
"30 Viken";"022 22 ar";"2022";"Personer";13690
"30 Viken";"023 23 ar";"2022";"Personer";13204
"30 Viken";"024 24 ar";"2022";"Personer";13434
"30 Viken";"025 25 ar";"2022";"Personer";13513
"30 Viken";"026 26 ar";"2022";"Personer";13651
"30 Viken";"027 27 ar";"2022";"Personer";13688
"30 Viken";"028 28 ar";"2022";"Personer";14427
"30 Viken";"029 29 ar";"2022";"Personer";14854
"30 Viken";"030 30 ar";"2022";"Personer";15470
"30 Viken";"031 31 ar";"2022";"Personer";16264
"30 Viken";"032 32 ar";"2022";"Personer";16595
"30 Viken";"033 33 ar";"2022";"Personer";16770
"30 Viken";"034 34 ar";"2022";"Personer";16753
"30 Viken";"035 35 ar";"2022";"Personer";16713
"30 Viken";"036 36 ar";"2022";"Personer";16922
"30 Viken";"037 37 ar";"2022";"Personer";16885
"30 Viken";"038 38 ar";"2022";"Personer";17161
"30 Viken";"039 39 ar";"2022";"Personer";17232
"30 Viken";"040 40 ar";"2022";"Personer";16997
"30 Viken";"041 41 ar";"2022";"Personer";17395
"30 Viken";"042 42 ar";"2022";"Personer";17265
"30 Viken";"043 43 ar";"2022";"Personer";17473
"30 Viken";"044 44 ar";"2022";"Personer";16990
"30 Viken";"045 45 ar";"2022";"Personer";17271
"30 Viken";"046 46 ar";"2022";"Personer";17970
"30 Viken";"047 47 ar";"2022";"Personer";18959
"30 Viken";"048 48 ar";"2022";"Personer";18559
"30 Viken";"049 49 ar";"2022";"Personer";19343
"30 Viken";"050 50 ar";"2022";"Personer";19172
"30 Viken";"051 51 ar";"2022";"Personer";18822
"30 Viken";"052 52 ar";"2022";"Personer";19033
"30 Viken";"053 53 ar";"2022";"Personer";19169
"30 Viken";"054 54 ar";"2022";"Personer";18156
"30 Viken";"055 55 ar";"2022";"Personer";18220
"30 Viken";"056 56 ar";"2022";"Personer";17806
"30 Viken";"057 57 ar";"2022";"Personer";17321
"30 Viken";"058 58 ar";"2022";"Personer";16374
"30 Viken";"059 59 ar";"2022";"Personer";15973
"30 Viken";"060 60 ar";"2022";"Personer";15380
"30 Viken";"061 61 ar";"2022";"Personer";15140
"30 Viken";"062 62 ar";"2022";"Personer";14865
"30 Viken";"063 63 ar";"2022";"Personer";14616
"30 Viken";"064 64 ar";"2022";"Personer";14215
"30 Viken";"065 65 ar";"2022";"Personer";14055
"30 Viken";"066 66 ar";"2022";"Personer";13309
"30 Viken";"067 67 ar";"2022";"Personer";13098
"30 Viken";"068 68 ar";"2022";"Personer";12714
"30 Viken";"069 69 ar";"2022";"Personer";12169
"30 Viken";"070 70 ar";"2022";"Personer";11577
"30 Viken";"071 71 ar";"2022";"Personer";11805
"30 Viken";"072 72 ar";"2022";"Personer";11876
"30 Viken";"073 73 ar";"2022";"Personer";11928
"30 Viken";"074 74 ar";"2022";"Personer";12263
"30 Viken";"075 75 ar";"2022";"Personer";12885
"30 Viken";"076 76 ar";"2022";"Personer";10895
"30 Viken";"077 77 ar";"2022";"Personer";10443
"30 Viken";"078 78 ar";"2022";"Personer";8524
"30 Viken";"079 79 ar";"2022";"Personer";7537
"30 Viken";"080 80 ar";"2022";"Personer";6266
"30 Viken";"081 81 ar";"2022";"Personer";6358
"30 Viken";"082 82 ar";"2022";"Personer";5801
"30 Viken";"083 83 ar";"2022";"Personer";5340
"30 Viken";"084 84 ar";"2022";"Personer";4837
"30 Viken";"085 85 ar";"2022";"Personer";4132
"30 Viken";"086 86 ar";"2022";"Personer";3489
"30 Viken";"087 87 ar";"2022";"Personer";3134
"30 Viken";"088 88 ar";"2022";"Personer";2800
"30 Viken";"089 89 ar";"2022";"Personer";2586
"30 Viken";"090 90 ar";"2022";"Personer";2266
"30 Viken";"091 91 ar";"2022";"Personer";1963
"30 Viken";"092 92 ar";"2022";"Personer";1475
"30 Viken";"093 93 ar";"2022";"Personer";1185
"30 Viken";"094 94 ar";"2022";"Personer";906
"30 Viken";"095 95 ar";"2022";"Personer";753
"30 Viken";"096 96 ar";"2022";"Personer";560
"30 Viken";"097 97 ar";"2022";"Personer";367
"30 Viken";"098 98 ar";"2022";"Personer";251
"30 Viken";"099 99 ar";"2022";"Personer";156
"30 Viken";"100 100 ar";"2022";"Personer";98
"30 Viken";"101 101 ar";"2022";"Personer";63
"30 Viken";"102 102 ar";"2022";"Personer";37
"30 Viken";"103 103 ar";"2022";"Personer";17
"30 Viken";"104 104 ar";"2022";"Personer";8
"30 Viken";"105+ 105 ar eller eldre";"2022";"Personer";14
"03 Oslo";"000 0 ar";"2022";"Personer";9137
"03 Oslo";"001 1 ar";"2022";"Personer";8119
"03 Oslo";"002 2 ar";"2022";"Personer";7891
"03 Oslo";"003 3 ar";"2022";"Personer";7375
"03 Oslo";"004 4 ar";"2022";"Personer";7456
"03 Oslo";"005 5 ar";"2022";"Personer";7418
"03 Oslo";"006 6 ar";"2022";"Personer";7118
"03 Oslo";"007 7 ar";"2022";"Personer";7450
"03 Oslo";"008 8 ar";"2022";"Personer";7087
"03 Oslo";"009 9 ar";"2022";"Personer";7290
"03 Oslo";"010 10 ar";"2022";"Personer";7259
"03 Oslo";"011 11 ar";"2022";"Personer";7235
"03 Oslo";"012 12 ar";"2022";"Personer";7283
"03 Oslo";"013 13 ar";"2022";"Personer";7059
"03 Oslo";"014 14 ar";"2022";"Personer";6970
"03 Oslo";"015 15 ar";"2022";"Personer";6799
"03 Oslo";"016 16 ar";"2022";"Personer";6635
"03 Oslo";"017 17 ar";"2022";"Personer";6536
"03 Oslo";"018 18 ar";"2022";"Personer";6526
"03 Oslo";"019 19 ar";"2022";"Personer";6744
"03 Oslo";"020 20 ar";"2022";"Personer";7437
"03 Oslo";"021 21 ar";"2022";"Personer";8498
"03 Oslo";"022 22 ar";"2022";"Personer";9251
"03 Oslo";"023 23 ar";"2022";"Personer";9952
"03 Oslo";"024 24 ar";"2022";"Personer";11330
"03 Oslo";"025 25 ar";"2022";"Personer";13192
"03 Oslo";"026 26 ar";"2022";"Personer";14495
"03 Oslo";"027 27 ar";"2022";"Personer";15109
"03 Oslo";"028 28 ar";"2022";"Personer";15445
"03 Oslo";"029 29 ar";"2022";"Personer";15813
"03 Oslo";"030 30 ar";"2022";"Personer";15750
"03 Oslo";"031 31 ar";"2022";"Personer";15810
"03 Oslo";"032 32 ar";"2022";"Personer";15235
"03 Oslo";"033 33 ar";"2022";"Personer";14593
"03 Oslo";"034 34 ar";"2022";"Personer";13543
"03 Oslo";"035 35 ar";"2022";"Personer";13031
"03 Oslo";"036 36 ar";"2022";"Personer";12222
"03 Oslo";"037 37 ar";"2022";"Personer";11819
"03 Oslo";"038 38 ar";"2022";"Personer";11197
"03 Oslo";"039 39 ar";"2022";"Personer";10972
"03 Oslo";"040 40 ar";"2022";"Personer";10578
"03 Oslo";"041 41 ar";"2022";"Personer";10631
"03 Oslo";"042 42 ar";"2022";"Personer";10044
"03 Oslo";"043 43 ar";"2022";"Personer";9725
"03 Oslo";"044 44 ar";"2022";"Personer";9416
"03 Oslo";"045 45 ar";"2022";"Personer";9423
"03 Oslo";"046 46 ar";"2022";"Personer";9458
"03 Oslo";"047 47 ar";"2022";"Personer";9431
"03 Oslo";"048 48 ar";"2022";"Personer";9087
"03 Oslo";"049 49 ar";"2022";"Personer";9154
"03 Oslo";"050 50 ar";"2022";"Personer";9004
"03 Oslo";"051 51 ar";"2022";"Personer";8730
"03 Oslo";"052 52 ar";"2022";"Personer";8587
"03 Oslo";"053 53 ar";"2022";"Personer";8279
"03 Oslo";"054 54 ar";"2022";"Personer";8014
"03 Oslo";"055 55 ar";"2022";"Personer";7971
"03 Oslo";"056 56 ar";"2022";"Personer";7815
"03 Oslo";"057 57 ar";"2022";"Personer";7645
"03 Oslo";"058 58 ar";"2022";"Personer";7294
"03 Oslo";"059 59 ar";"2022";"Personer";6967
"03 Oslo";"060 60 ar";"2022";"Personer";6675
"03 Oslo";"061 61 ar";"2022";"Personer";6686
"03 Oslo";"062 62 ar";"2022";"Personer";6345
"03 Oslo";"063 63 ar";"2022";"Personer";6250
"03 Oslo";"064 64 ar";"2022";"Personer";6022
"03 Oslo";"065 65 ar";"2022";"Personer";5738
"03 Oslo";"066 66 ar";"2022";"Personer";5461
"03 Oslo";"067 67 ar";"2022";"Personer";5370
"03 Oslo";"068 68 ar";"2022";"Personer";5083
"03 Oslo";"069 69 ar";"2022";"Personer";4890
"03 Oslo";"070 70 ar";"2022";"Personer";4758
"03 Oslo";"071 71 ar";"2022";"Personer";4646
"03 Oslo";"072 72 ar";"2022";"Personer";4582
"03 Oslo";"073 73 ar";"2022";"Personer";4584
"03 Oslo";"074 74 ar";"2022";"Personer";4598
"03 Oslo";"075 75 ar";"2022";"Personer";4855
"03 Oslo";"076 76 ar";"2022";"Personer";4162
"03 Oslo";"077 77 ar";"2022";"Personer";3950
"03 Oslo";"078 78 ar";"2022";"Personer";3353
"03 Oslo";"079 79 ar";"2022";"Personer";2812
"03 Oslo";"080 80 ar";"2022";"Personer";2242
"03 Oslo";"081 81 ar";"2022";"Personer";2360
"03 Oslo";"082 82 ar";"2022";"Personer";2243
"03 Oslo";"083 83 ar";"2022";"Personer";1936
"03 Oslo";"084 84 ar";"2022";"Personer";1698
"03 Oslo";"085 85 ar";"2022";"Personer";1519
"03 Oslo";"086 86 ar";"2022";"Personer";1385
"03 Oslo";"087 87 ar";"2022";"Personer";1193
"03 Oslo";"088 88 ar";"2022";"Personer";1161
"03 Oslo";"089 89 ar";"2022";"Personer";1066
"03 Oslo";"090 90 ar";"2022";"Personer";947
"03 Oslo";"091 91 ar";"2022";"Personer";886
"03 Oslo";"092 92 ar";"2022";"Personer";698
"03 Oslo";"093 93 ar";"2022";"Personer";537
"03 Oslo";"094 94 ar";"2022";"Personer";422
"03 Oslo";"095 95 ar";"2022";"Personer";369
"03 Oslo";"096 96 ar";"2022";"Personer";308
"03 Oslo";"097 97 ar";"2022";"Personer";228
"03 Oslo";"098 98 ar";"2022";"Personer";155
"03 Oslo";"099 99 ar";"2022";"Personer";98
"03 Oslo";"100 100 ar";"2022";"Personer";64
"03 Oslo";"101 101 ar";"2022";"Personer";54
"03 Oslo";"102 102 ar";"2022";"Personer";27
"03 Oslo";"103 103 ar";"2022";"Personer";13
"03 Oslo";"104 104 ar";"2022";"Personer";12
"03 Oslo";"105+ 105 ar eller eldre";"2022";"Personer";52
"34 Innlandet";"000 0 ar";"2022";"Personer";3063
"34 Innlandet";"001 1 ar";"2022";"Personer";3031
"34 Innlandet";"002 2 ar";"2022";"Personer";3213
"34 Innlandet";"003 3 ar";"2022";"Personer";3238
"34 Innlandet";"004 4 ar";"2022";"Personer";3391
"34 Innlandet";"005 5 ar";"2022";"Personer";3561
"34 Innlandet";"006 6 ar";"2022";"Personer";3611
"34 Innlandet";"007 7 ar";"2022";"Personer";3693
"34 Innlandet";"008 8 ar";"2022";"Personer";3673
"34 Innlandet";"009 9 ar";"2022";"Personer";3946
"34 Innlandet";"010 10 ar";"2022";"Personer";3875
"34 Innlandet";"011 11 ar";"2022";"Personer";4098
"34 Innlandet";"012 12 ar";"2022";"Personer";4233
"34 Innlandet";"013 13 ar";"2022";"Personer";4241
"34 Innlandet";"014 14 ar";"2022";"Personer";4075
"34 Innlandet";"015 15 ar";"2022";"Personer";4279
"34 Innlandet";"016 16 ar";"2022";"Personer";4124
"34 Innlandet";"017 17 ar";"2022";"Personer";4244
"34 Innlandet";"018 18 ar";"2022";"Personer";4373
"34 Innlandet";"019 19 ar";"2022";"Personer";4283
"34 Innlandet";"020 20 ar";"2022";"Personer";4331
"34 Innlandet";"021 21 ar";"2022";"Personer";4539
"34 Innlandet";"022 22 ar";"2022";"Personer";4502
"34 Innlandet";"023 23 ar";"2022";"Personer";4235
"34 Innlandet";"024 24 ar";"2022";"Personer";4237
"34 Innlandet";"025 25 ar";"2022";"Personer";4198
"34 Innlandet";"026 26 ar";"2022";"Personer";4143
"34 Innlandet";"027 27 ar";"2022";"Personer";4104
"34 Innlandet";"028 28 ar";"2022";"Personer";4227
"34 Innlandet";"029 29 ar";"2022";"Personer";4384
"34 Innlandet";"030 30 ar";"2022";"Personer";4359
"34 Innlandet";"031 31 ar";"2022";"Personer";4520
"34 Innlandet";"032 32 ar";"2022";"Personer";4353
"34 Innlandet";"033 33 ar";"2022";"Personer";4287
"34 Innlandet";"034 34 ar";"2022";"Personer";4190
"34 Innlandet";"035 35 ar";"2022";"Personer";4192
"34 Innlandet";"036 36 ar";"2022";"Personer";4110
"34 Innlandet";"037 37 ar";"2022";"Personer";4052
"34 Innlandet";"038 38 ar";"2022";"Personer";4184
"34 Innlandet";"039 39 ar";"2022";"Personer";4107
"34 Innlandet";"040 40 ar";"2022";"Personer";4048
"34 Innlandet";"041 41 ar";"2022";"Personer";4137
"34 Innlandet";"042 42 ar";"2022";"Personer";4211
"34 Innlandet";"043 43 ar";"2022";"Personer";4139
"34 Innlandet";"044 44 ar";"2022";"Personer";4216
"34 Innlandet";"045 45 ar";"2022";"Personer";4439
"34 Innlandet";"046 46 ar";"2022";"Personer";4671
"34 Innlandet";"047 47 ar";"2022";"Personer";4922
"34 Innlandet";"048 48 ar";"2022";"Personer";5039
"34 Innlandet";"049 49 ar";"2022";"Personer";5359
"34 Innlandet";"050 50 ar";"2022";"Personer";5407
"34 Innlandet";"051 51 ar";"2022";"Personer";5472
"34 Innlandet";"052 52 ar";"2022";"Personer";5624
"34 Innlandet";"053 53 ar";"2022";"Personer";5437
"34 Innlandet";"054 54 ar";"2022";"Personer";5468
"34 Innlandet";"055 55 ar";"2022";"Personer";5489
"34 Innlandet";"056 56 ar";"2022";"Personer";5356
"34 Innlandet";"057 57 ar";"2022";"Personer";5354
"34 Innlandet";"058 58 ar";"2022";"Personer";5095
"34 Innlandet";"059 59 ar";"2022";"Personer";5039
"34 Innlandet";"060 60 ar";"2022";"Personer";5041
"34 Innlandet";"061 61 ar";"2022";"Personer";4901
"34 Innlandet";"062 62 ar";"2022";"Personer";5053
"34 Innlandet";"063 63 ar";"2022";"Personer";4975
"34 Innlandet";"064 64 ar";"2022";"Personer";4947
"34 Innlandet";"065 65 ar";"2022";"Personer";4996
"34 Innlandet";"066 66 ar";"2022";"Personer";4948
"34 Innlandet";"067 67 ar";"2022";"Personer";4600
"34 Innlandet";"068 68 ar";"2022";"Personer";4623
"34 Innlandet";"069 69 ar";"2022";"Personer";4653
"34 Innlandet";"070 70 ar";"2022";"Personer";4336
"34 Innlandet";"071 71 ar";"2022";"Personer";4536
"34 Innlandet";"072 72 ar";"2022";"Personer";4634
"34 Innlandet";"073 73 ar";"2022";"Personer";4528
"34 Innlandet";"074 74 ar";"2022";"Personer";4574
"34 Innlandet";"075 75 ar";"2022";"Personer";4501
"34 Innlandet";"076 76 ar";"2022";"Personer";3996
"34 Innlandet";"077 77 ar";"2022";"Personer";3552
"34 Innlandet";"078 78 ar";"2022";"Personer";3287
"34 Innlandet";"079 79 ar";"2022";"Personer";2980
"34 Innlandet";"080 80 ar";"2022";"Personer";2442
"34 Innlandet";"081 81 ar";"2022";"Personer";2435
"34 Innlandet";"082 82 ar";"2022";"Personer";2190
"34 Innlandet";"083 83 ar";"2022";"Personer";2079
"34 Innlandet";"084 84 ar";"2022";"Personer";1723
"34 Innlandet";"085 85 ar";"2022";"Personer";1610
"34 Innlandet";"086 86 ar";"2022";"Personer";1329
"34 Innlandet";"087 87 ar";"2022";"Personer";1259
"34 Innlandet";"088 88 ar";"2022";"Personer";1129
"34 Innlandet";"089 89 ar";"2022";"Personer";1014
"34 Innlandet";"090 90 ar";"2022";"Personer";866
"34 Innlandet";"091 91 ar";"2022";"Personer";762
"34 Innlandet";"092 92 ar";"2022";"Personer";585
"34 Innlandet";"093 93 ar";"2022";"Personer";499
"34 Innlandet";"094 94 ar";"2022";"Personer";376
"34 Innlandet";"095 95 ar";"2022";"Personer";297
"34 Innlandet";"096 96 ar";"2022";"Personer";209
"34 Innlandet";"097 97 ar";"2022";"Personer";138
"34 Innlandet";"098 98 ar";"2022";"Personer";82
"34 Innlandet";"099 99 ar";"2022";"Personer";65
"34 Innlandet";"100 100 ar";"2022";"Personer";29
"34 Innlandet";"101 101 ar";"2022";"Personer";30
"34 Innlandet";"102 102 ar";"2022";"Personer";13
"34 Innlandet";"103 103 ar";"2022";"Personer";8
"34 Innlandet";"104 104 ar";"2022";"Personer";1
"34 Innlandet";"105+ 105 ar eller eldre";"2022";"Personer";1
"38 Vestfold og Telemark";"000 0 ar";"2022";"Personer";3731
"38 Vestfold og Telemark";"001 1 ar";"2022";"Personer";3770
"38 Vestfold og Telemark";"002 2 ar";"2022";"Personer";3975
"38 Vestfold og Telemark";"003 3 ar";"2022";"Personer";4142
"38 Vestfold og Telemark";"004 4 ar";"2022";"Personer";4211
"38 Vestfold og Telemark";"005 5 ar";"2022";"Personer";4571
"38 Vestfold og Telemark";"006 6 ar";"2022";"Personer";4456
"38 Vestfold og Telemark";"007 7 ar";"2022";"Personer";4495
"38 Vestfold og Telemark";"008 8 ar";"2022";"Personer";4643
"38 Vestfold og Telemark";"009 9 ar";"2022";"Personer";4759
"38 Vestfold og Telemark";"010 10 ar";"2022";"Personer";4922
"38 Vestfold og Telemark";"011 11 ar";"2022";"Personer";5127
"38 Vestfold og Telemark";"012 12 ar";"2022";"Personer";5115
"38 Vestfold og Telemark";"013 13 ar";"2022";"Personer";5124
"38 Vestfold og Telemark";"014 14 ar";"2022";"Personer";5010
"38 Vestfold og Telemark";"015 15 ar";"2022";"Personer";5119
"38 Vestfold og Telemark";"016 16 ar";"2022";"Personer";5106
"38 Vestfold og Telemark";"017 17 ar";"2022";"Personer";5074
"38 Vestfold og Telemark";"018 18 ar";"2022";"Personer";5088
"38 Vestfold og Telemark";"019 19 ar";"2022";"Personer";4754
"38 Vestfold og Telemark";"020 20 ar";"2022";"Personer";4849
"38 Vestfold og Telemark";"021 21 ar";"2022";"Personer";4838
"38 Vestfold og Telemark";"022 22 ar";"2022";"Personer";4621
"38 Vestfold og Telemark";"023 23 ar";"2022";"Personer";4651
"38 Vestfold og Telemark";"024 24 ar";"2022";"Personer";4621
"38 Vestfold og Telemark";"025 25 ar";"2022";"Personer";4679
"38 Vestfold og Telemark";"026 26 ar";"2022";"Personer";4707
"38 Vestfold og Telemark";"027 27 ar";"2022";"Personer";4673
"38 Vestfold og Telemark";"028 28 ar";"2022";"Personer";4625
"38 Vestfold og Telemark";"029 29 ar";"2022";"Personer";5019
"38 Vestfold og Telemark";"030 30 ar";"2022";"Personer";5117
"38 Vestfold og Telemark";"031 31 ar";"2022";"Personer";5264
"38 Vestfold og Telemark";"032 32 ar";"2022";"Personer";5312
"38 Vestfold og Telemark";"033 33 ar";"2022";"Personer";5378
"38 Vestfold og Telemark";"034 34 ar";"2022";"Personer";5167
"38 Vestfold og Telemark";"035 35 ar";"2022";"Personer";5295
"38 Vestfold og Telemark";"036 36 ar";"2022";"Personer";5176
"38 Vestfold og Telemark";"037 37 ar";"2022";"Personer";5080
"38 Vestfold og Telemark";"038 38 ar";"2022";"Personer";5078
"38 Vestfold og Telemark";"039 39 ar";"2022";"Personer";5284
"38 Vestfold og Telemark";"040 40 ar";"2022";"Personer";5134
"38 Vestfold og Telemark";"041 41 ar";"2022";"Personer";5170
"38 Vestfold og Telemark";"042 42 ar";"2022";"Personer";5165
"38 Vestfold og Telemark";"043 43 ar";"2022";"Personer";5213
"38 Vestfold og Telemark";"044 44 ar";"2022";"Personer";5206
"38 Vestfold og Telemark";"045 45 ar";"2022";"Personer";5445
"38 Vestfold og Telemark";"046 46 ar";"2022";"Personer";5549
"38 Vestfold og Telemark";"047 47 ar";"2022";"Personer";5766
"38 Vestfold og Telemark";"048 48 ar";"2022";"Personer";5801
"38 Vestfold og Telemark";"049 49 ar";"2022";"Personer";6294
"38 Vestfold og Telemark";"050 50 ar";"2022";"Personer";6183
"38 Vestfold og Telemark";"051 51 ar";"2022";"Personer";6108
"38 Vestfold og Telemark";"052 52 ar";"2022";"Personer";6329
"38 Vestfold og Telemark";"053 53 ar";"2022";"Personer";6205
"38 Vestfold og Telemark";"054 54 ar";"2022";"Personer";6182
"38 Vestfold og Telemark";"055 55 ar";"2022";"Personer";6101
"38 Vestfold og Telemark";"056 56 ar";"2022";"Personer";6110
"38 Vestfold og Telemark";"057 57 ar";"2022";"Personer";5797
"38 Vestfold og Telemark";"058 58 ar";"2022";"Personer";5738
"38 Vestfold og Telemark";"059 59 ar";"2022";"Personer";5510
"38 Vestfold og Telemark";"060 60 ar";"2022";"Personer";5523
"38 Vestfold og Telemark";"061 61 ar";"2022";"Personer";5539
"38 Vestfold og Telemark";"062 62 ar";"2022";"Personer";5465
"38 Vestfold og Telemark";"063 63 ar";"2022";"Personer";5520
"38 Vestfold og Telemark";"064 64 ar";"2022";"Personer";5336
"38 Vestfold og Telemark";"065 65 ar";"2022";"Personer";5375
"38 Vestfold og Telemark";"066 66 ar";"2022";"Personer";5279
"38 Vestfold og Telemark";"067 67 ar";"2022";"Personer";5120
"38 Vestfold og Telemark";"068 68 ar";"2022";"Personer";5164
"38 Vestfold og Telemark";"069 69 ar";"2022";"Personer";4969
"38 Vestfold og Telemark";"070 70 ar";"2022";"Personer";4724
"38 Vestfold og Telemark";"071 71 ar";"2022";"Personer";4726
"38 Vestfold og Telemark";"072 72 ar";"2022";"Personer";4566
"38 Vestfold og Telemark";"073 73 ar";"2022";"Personer";4622
"38 Vestfold og Telemark";"074 74 ar";"2022";"Personer";4693
"38 Vestfold og Telemark";"075 75 ar";"2022";"Personer";4862
"38 Vestfold og Telemark";"076 76 ar";"2022";"Personer";4128
"38 Vestfold og Telemark";"077 77 ar";"2022";"Personer";3967
"38 Vestfold og Telemark";"078 78 ar";"2022";"Personer";3209
"38 Vestfold og Telemark";"079 79 ar";"2022";"Personer";2855
"38 Vestfold og Telemark";"080 80 ar";"2022";"Personer";2352
"38 Vestfold og Telemark";"081 81 ar";"2022";"Personer";2485
"38 Vestfold og Telemark";"082 82 ar";"2022";"Personer";2240
"38 Vestfold og Telemark";"083 83 ar";"2022";"Personer";2162
"38 Vestfold og Telemark";"084 84 ar";"2022";"Personer";1847
"38 Vestfold og Telemark";"085 85 ar";"2022";"Personer";1606
"38 Vestfold og Telemark";"086 86 ar";"2022";"Personer";1447
"38 Vestfold og Telemark";"087 87 ar";"2022";"Personer";1221
"38 Vestfold og Telemark";"088 88 ar";"2022";"Personer";1067
"38 Vestfold og Telemark";"089 89 ar";"2022";"Personer";1087
"38 Vestfold og Telemark";"090 90 ar";"2022";"Personer";867
"38 Vestfold og Telemark";"091 91 ar";"2022";"Personer";718
"38 Vestfold og Telemark";"092 92 ar";"2022";"Personer";598
"38 Vestfold og Telemark";"093 93 ar";"2022";"Personer";495
"38 Vestfold og Telemark";"094 94 ar";"2022";"Personer";376
"38 Vestfold og Telemark";"095 95 ar";"2022";"Personer";284
"38 Vestfold og Telemark";"096 96 ar";"2022";"Personer";229
"38 Vestfold og Telemark";"097 97 ar";"2022";"Personer";172
"38 Vestfold og Telemark";"098 98 ar";"2022";"Personer";116
"38 Vestfold og Telemark";"099 99 ar";"2022";"Personer";68
"38 Vestfold og Telemark";"100 100 ar";"2022";"Personer";54
"38 Vestfold og Telemark";"101 101 ar";"2022";"Personer";34
"38 Vestfold og Telemark";"102 102 ar";"2022";"Personer";10
"38 Vestfold og Telemark";"103 103 ar";"2022";"Personer";8
"38 Vestfold og Telemark";"104 104 ar";"2022";"Personer";8
"38 Vestfold og Telemark";"105+ 105 ar eller eldre";"2022";"Personer";7
"42 Agder";"000 0 ar";"2022";"Personer";3096
"42 Agder";"001 1 ar";"2022";"Personer";2989
"42 Agder";"002 2 ar";"2022";"Personer";3165
"42 Agder";"003 3 ar";"2022";"Personer";3256
"42 Agder";"004 4 ar";"2022";"Personer";3405
"42 Agder";"005 5 ar";"2022";"Personer";3648
"42 Agder";"006 6 ar";"2022";"Personer";3695
"42 Agder";"007 7 ar";"2022";"Personer";3596
"42 Agder";"008 8 ar";"2022";"Personer";3743
"42 Agder";"009 9 ar";"2022";"Personer";3994
"42 Agder";"010 10 ar";"2022";"Personer";3962
"42 Agder";"011 11 ar";"2022";"Personer";4077
"42 Agder";"012 12 ar";"2022";"Personer";4249
"42 Agder";"013 13 ar";"2022";"Personer";4152
"42 Agder";"014 14 ar";"2022";"Personer";3977
"42 Agder";"015 15 ar";"2022";"Personer";4101
"42 Agder";"016 16 ar";"2022";"Personer";3844
"42 Agder";"017 17 ar";"2022";"Personer";3836
"42 Agder";"018 18 ar";"2022";"Personer";3737
"42 Agder";"019 19 ar";"2022";"Personer";3849
"42 Agder";"020 20 ar";"2022";"Personer";4043
"42 Agder";"021 21 ar";"2022";"Personer";4131
"42 Agder";"022 22 ar";"2022";"Personer";4208
"42 Agder";"023 23 ar";"2022";"Personer";3948
"42 Agder";"024 24 ar";"2022";"Personer";4140
"42 Agder";"025 25 ar";"2022";"Personer";4113
"42 Agder";"026 26 ar";"2022";"Personer";3862
"42 Agder";"027 27 ar";"2022";"Personer";3810
"42 Agder";"028 28 ar";"2022";"Personer";3868
"42 Agder";"029 29 ar";"2022";"Personer";3875
"42 Agder";"030 30 ar";"2022";"Personer";4030
"42 Agder";"031 31 ar";"2022";"Personer";4070
"42 Agder";"032 32 ar";"2022";"Personer";3997
"42 Agder";"033 33 ar";"2022";"Personer";3919
"42 Agder";"034 34 ar";"2022";"Personer";3919
"42 Agder";"035 35 ar";"2022";"Personer";3847
"42 Agder";"036 36 ar";"2022";"Personer";3819
"42 Agder";"037 37 ar";"2022";"Personer";3923
"42 Agder";"038 38 ar";"2022";"Personer";3917
"42 Agder";"039 39 ar";"2022";"Personer";4005
"42 Agder";"040 40 ar";"2022";"Personer";4012
"42 Agder";"041 41 ar";"2022";"Personer";4055
"42 Agder";"042 42 ar";"2022";"Personer";3853
"42 Agder";"043 43 ar";"2022";"Personer";3969
"42 Agder";"044 44 ar";"2022";"Personer";3775
"42 Agder";"045 45 ar";"2022";"Personer";4080
"42 Agder";"046 46 ar";"2022";"Personer";4136
"42 Agder";"047 47 ar";"2022";"Personer";4195
"42 Agder";"048 48 ar";"2022";"Personer";4230
"42 Agder";"049 49 ar";"2022";"Personer";4272
"42 Agder";"050 50 ar";"2022";"Personer";4367
"42 Agder";"051 51 ar";"2022";"Personer";4227
"42 Agder";"052 52 ar";"2022";"Personer";4348
"42 Agder";"053 53 ar";"2022";"Personer";4166
"42 Agder";"054 54 ar";"2022";"Personer";4176
"42 Agder";"055 55 ar";"2022";"Personer";4117
"42 Agder";"056 56 ar";"2022";"Personer";4081
"42 Agder";"057 57 ar";"2022";"Personer";4132
"42 Agder";"058 58 ar";"2022";"Personer";3934
"42 Agder";"059 59 ar";"2022";"Personer";3661
"42 Agder";"060 60 ar";"2022";"Personer";3708
"42 Agder";"061 61 ar";"2022";"Personer";3647
"42 Agder";"062 62 ar";"2022";"Personer";3565
"42 Agder";"063 63 ar";"2022";"Personer";3680
"42 Agder";"064 64 ar";"2022";"Personer";3384
"42 Agder";"065 65 ar";"2022";"Personer";3577
"42 Agder";"066 66 ar";"2022";"Personer";3467
"42 Agder";"067 67 ar";"2022";"Personer";3364
"42 Agder";"068 68 ar";"2022";"Personer";3261
"42 Agder";"069 69 ar";"2022";"Personer";3313
"42 Agder";"070 70 ar";"2022";"Personer";2998
"42 Agder";"071 71 ar";"2022";"Personer";3042
"42 Agder";"072 72 ar";"2022";"Personer";2902
"42 Agder";"073 73 ar";"2022";"Personer";3042
"42 Agder";"074 74 ar";"2022";"Personer";3014
"42 Agder";"075 75 ar";"2022";"Personer";2966
"42 Agder";"076 76 ar";"2022";"Personer";2468
"42 Agder";"077 77 ar";"2022";"Personer";2459
"42 Agder";"078 78 ar";"2022";"Personer";2124
"42 Agder";"079 79 ar";"2022";"Personer";1906
"42 Agder";"080 80 ar";"2022";"Personer";1569
"42 Agder";"081 81 ar";"2022";"Personer";1554
"42 Agder";"082 82 ar";"2022";"Personer";1467
"42 Agder";"083 83 ar";"2022";"Personer";1270
"42 Agder";"084 84 ar";"2022";"Personer";1160
"42 Agder";"085 85 ar";"2022";"Personer";1029
"42 Agder";"086 86 ar";"2022";"Personer";885
"42 Agder";"087 87 ar";"2022";"Personer";796
"42 Agder";"088 88 ar";"2022";"Personer";741
"42 Agder";"089 89 ar";"2022";"Personer";672
"42 Agder";"090 90 ar";"2022";"Personer";545
"42 Agder";"091 91 ar";"2022";"Personer";467
"42 Agder";"092 92 ar";"2022";"Personer";372
"42 Agder";"093 93 ar";"2022";"Personer";298
"42 Agder";"094 94 ar";"2022";"Personer";221
"42 Agder";"095 95 ar";"2022";"Personer";189
"42 Agder";"096 96 ar";"2022";"Personer";148
"42 Agder";"097 97 ar";"2022";"Personer";103
"42 Agder";"098 98 ar";"2022";"Personer";47
"42 Agder";"099 99 ar";"2022";"Personer";38
"42 Agder";"100 100 ar";"2022";"Personer";35
"42 Agder";"101 101 ar";"2022";"Personer";20
"42 Agder";"102 102 ar";"2022";"Personer";11
"42 Agder";"103 103 ar";"2022";"Personer";4
"42 Agder";"104 104 ar";"2022";"Personer";5
"42 Agder";"105+ 105 ar eller eldre";"2022";"Personer";0
"11 Rogaland";"000 0 ar";"2022";"Personer";5612
"11 Rogaland";"001 1 ar";"2022";"Personer";5386
"11 Rogaland";"002 2 ar";"2022";"Personer";5526
"11 Rogaland";"003 3 ar";"2022";"Personer";5650
"11 Rogaland";"004 4 ar";"2022";"Personer";6041
"11 Rogaland";"005 5 ar";"2022";"Personer";6228
"11 Rogaland";"006 6 ar";"2022";"Personer";6233
"11 Rogaland";"007 7 ar";"2022";"Personer";6251
"11 Rogaland";"008 8 ar";"2022";"Personer";6350
"11 Rogaland";"009 9 ar";"2022";"Personer";6559
"11 Rogaland";"010 10 ar";"2022";"Personer";6592
"11 Rogaland";"011 11 ar";"2022";"Personer";6818
"11 Rogaland";"012 12 ar";"2022";"Personer";6745
"11 Rogaland";"013 13 ar";"2022";"Personer";6628
"11 Rogaland";"014 14 ar";"2022";"Personer";6336
"11 Rogaland";"015 15 ar";"2022";"Personer";6503
"11 Rogaland";"016 16 ar";"2022";"Personer";6099
"11 Rogaland";"017 17 ar";"2022";"Personer";6082
"11 Rogaland";"018 18 ar";"2022";"Personer";6121
"11 Rogaland";"019 19 ar";"2022";"Personer";5802
"11 Rogaland";"020 20 ar";"2022";"Personer";5794
"11 Rogaland";"021 21 ar";"2022";"Personer";5978
"11 Rogaland";"022 22 ar";"2022";"Personer";6044
"11 Rogaland";"023 23 ar";"2022";"Personer";5940
"11 Rogaland";"024 24 ar";"2022";"Personer";6035
"11 Rogaland";"025 25 ar";"2022";"Personer";6045
"11 Rogaland";"026 26 ar";"2022";"Personer";6127
"11 Rogaland";"027 27 ar";"2022";"Personer";6178
"11 Rogaland";"028 28 ar";"2022";"Personer";6259
"11 Rogaland";"029 29 ar";"2022";"Personer";6616
"11 Rogaland";"030 30 ar";"2022";"Personer";6713
"11 Rogaland";"031 31 ar";"2022";"Personer";6814
"11 Rogaland";"032 32 ar";"2022";"Personer";6751
"11 Rogaland";"033 33 ar";"2022";"Personer";7083
"11 Rogaland";"034 34 ar";"2022";"Personer";6985
"11 Rogaland";"035 35 ar";"2022";"Personer";6966
"11 Rogaland";"036 36 ar";"2022";"Personer";6960
"11 Rogaland";"037 37 ar";"2022";"Personer";6968
"11 Rogaland";"038 38 ar";"2022";"Personer";6950
"11 Rogaland";"039 39 ar";"2022";"Personer";6956
"11 Rogaland";"040 40 ar";"2022";"Personer";6802
"11 Rogaland";"041 41 ar";"2022";"Personer";6935
"11 Rogaland";"042 42 ar";"2022";"Personer";6905
"11 Rogaland";"043 43 ar";"2022";"Personer";6752
"11 Rogaland";"044 44 ar";"2022";"Personer";6519
"11 Rogaland";"045 45 ar";"2022";"Personer";6430
"11 Rogaland";"046 46 ar";"2022";"Personer";6504
"11 Rogaland";"047 47 ar";"2022";"Personer";6551
"11 Rogaland";"048 48 ar";"2022";"Personer";6692
"11 Rogaland";"049 49 ar";"2022";"Personer";6650
"11 Rogaland";"050 50 ar";"2022";"Personer";6656
"11 Rogaland";"051 51 ar";"2022";"Personer";6551
"11 Rogaland";"052 52 ar";"2022";"Personer";6710
"11 Rogaland";"053 53 ar";"2022";"Personer";6613
"11 Rogaland";"054 54 ar";"2022";"Personer";6496
"11 Rogaland";"055 55 ar";"2022";"Personer";6191
"11 Rogaland";"056 56 ar";"2022";"Personer";6076
"11 Rogaland";"057 57 ar";"2022";"Personer";6020
"11 Rogaland";"058 58 ar";"2022";"Personer";5765
"11 Rogaland";"059 59 ar";"2022";"Personer";5518
"11 Rogaland";"060 60 ar";"2022";"Personer";5431
"11 Rogaland";"061 61 ar";"2022";"Personer";5360
"11 Rogaland";"062 62 ar";"2022";"Personer";5189
"11 Rogaland";"063 63 ar";"2022";"Personer";5233
"11 Rogaland";"064 64 ar";"2022";"Personer";5009
"11 Rogaland";"065 65 ar";"2022";"Personer";4885
"11 Rogaland";"066 66 ar";"2022";"Personer";4853
"11 Rogaland";"067 67 ar";"2022";"Personer";4566
"11 Rogaland";"068 68 ar";"2022";"Personer";4596
"11 Rogaland";"069 69 ar";"2022";"Personer";4375
"11 Rogaland";"070 70 ar";"2022";"Personer";4099
"11 Rogaland";"071 71 ar";"2022";"Personer";4103
"11 Rogaland";"072 72 ar";"2022";"Personer";3956
"11 Rogaland";"073 73 ar";"2022";"Personer";3753
"11 Rogaland";"074 74 ar";"2022";"Personer";3750
"11 Rogaland";"075 75 ar";"2022";"Personer";3651
"11 Rogaland";"076 76 ar";"2022";"Personer";3336
"11 Rogaland";"077 77 ar";"2022";"Personer";3062
"11 Rogaland";"078 78 ar";"2022";"Personer";2801
"11 Rogaland";"079 79 ar";"2022";"Personer";2574
"11 Rogaland";"080 80 ar";"2022";"Personer";2104
"11 Rogaland";"081 81 ar";"2022";"Personer";2072
"11 Rogaland";"082 82 ar";"2022";"Personer";1870
"11 Rogaland";"083 83 ar";"2022";"Personer";1632
"11 Rogaland";"084 84 ar";"2022";"Personer";1454
"11 Rogaland";"085 85 ar";"2022";"Personer";1373
"11 Rogaland";"086 86 ar";"2022";"Personer";1249
"11 Rogaland";"087 87 ar";"2022";"Personer";1057
"11 Rogaland";"088 88 ar";"2022";"Personer";947
"11 Rogaland";"089 89 ar";"2022";"Personer";930
"11 Rogaland";"090 90 ar";"2022";"Personer";762
"11 Rogaland";"091 91 ar";"2022";"Personer";667
"11 Rogaland";"092 92 ar";"2022";"Personer";515
"11 Rogaland";"093 93 ar";"2022";"Personer";387
"11 Rogaland";"094 94 ar";"2022";"Personer";309
"11 Rogaland";"095 95 ar";"2022";"Personer";274
"11 Rogaland";"096 96 ar";"2022";"Personer";184
"11 Rogaland";"097 97 ar";"2022";"Personer";127
"11 Rogaland";"098 98 ar";"2022";"Personer";80
"11 Rogaland";"099 99 ar";"2022";"Personer";69
"11 Rogaland";"100 100 ar";"2022";"Personer";36
"11 Rogaland";"101 101 ar";"2022";"Personer";24
"11 Rogaland";"102 102 ar";"2022";"Personer";16
"11 Rogaland";"103 103 ar";"2022";"Personer";5
"11 Rogaland";"104 104 ar";"2022";"Personer";8
"11 Rogaland";"105+ 105 ar eller eldre";"2022";"Personer";4
"46 Vestland";"000 0 ar";"2022";"Personer";6872
"46 Vestland";"001 1 ar";"2022";"Personer";6527
"46 Vestland";"002 2 ar";"2022";"Personer";6730
"46 Vestland";"003 3 ar";"2022";"Personer";6879
"46 Vestland";"004 4 ar";"2022";"Personer";7049
"46 Vestland";"005 5 ar";"2022";"Personer";7527
"46 Vestland";"006 6 ar";"2022";"Personer";7603
"46 Vestland";"007 7 ar";"2022";"Personer";7449
"46 Vestland";"008 8 ar";"2022";"Personer";7342
"46 Vestland";"009 9 ar";"2022";"Personer";7670
"46 Vestland";"010 10 ar";"2022";"Personer";7802
"46 Vestland";"011 11 ar";"2022";"Personer";7975
"46 Vestland";"012 12 ar";"2022";"Personer";8028
"46 Vestland";"013 13 ar";"2022";"Personer";8020
"46 Vestland";"014 14 ar";"2022";"Personer";7793
"46 Vestland";"015 15 ar";"2022";"Personer";7713
"46 Vestland";"016 16 ar";"2022";"Personer";7702
"46 Vestland";"017 17 ar";"2022";"Personer";7815
"46 Vestland";"018 18 ar";"2022";"Personer";7775
"46 Vestland";"019 19 ar";"2022";"Personer";7733
"46 Vestland";"020 20 ar";"2022";"Personer";8133
"46 Vestland";"021 21 ar";"2022";"Personer";8791
"46 Vestland";"022 22 ar";"2022";"Personer";8677
"46 Vestland";"023 23 ar";"2022";"Personer";8774
"46 Vestland";"024 24 ar";"2022";"Personer";8917
"46 Vestland";"025 25 ar";"2022";"Personer";9197
"46 Vestland";"026 26 ar";"2022";"Personer";8579
"46 Vestland";"027 27 ar";"2022";"Personer";8751
"46 Vestland";"028 28 ar";"2022";"Personer";8683
"46 Vestland";"029 29 ar";"2022";"Personer";8711
"46 Vestland";"030 30 ar";"2022";"Personer";9007
"46 Vestland";"031 31 ar";"2022";"Personer";8999
"46 Vestland";"032 32 ar";"2022";"Personer";9108
"46 Vestland";"033 33 ar";"2022";"Personer";9005
"46 Vestland";"034 34 ar";"2022";"Personer";8638
"46 Vestland";"035 35 ar";"2022";"Personer";8664
"46 Vestland";"036 36 ar";"2022";"Personer";8512
"46 Vestland";"037 37 ar";"2022";"Personer";8316
"46 Vestland";"038 38 ar";"2022";"Personer";8239
"46 Vestland";"039 39 ar";"2022";"Personer";8553
"46 Vestland";"040 40 ar";"2022";"Personer";8309
"46 Vestland";"041 41 ar";"2022";"Personer";8319
"46 Vestland";"042 42 ar";"2022";"Personer";8201
"46 Vestland";"043 43 ar";"2022";"Personer";8100
"46 Vestland";"044 44 ar";"2022";"Personer";7740
"46 Vestland";"045 45 ar";"2022";"Personer";7922
"46 Vestland";"046 46 ar";"2022";"Personer";8263
"46 Vestland";"047 47 ar";"2022";"Personer";8396
"46 Vestland";"048 48 ar";"2022";"Personer";8555
"46 Vestland";"049 49 ar";"2022";"Personer";8636
"46 Vestland";"050 50 ar";"2022";"Personer";8573
"46 Vestland";"051 51 ar";"2022";"Personer";8563
"46 Vestland";"052 52 ar";"2022";"Personer";8724
"46 Vestland";"053 53 ar";"2022";"Personer";8542
"46 Vestland";"054 54 ar";"2022";"Personer";8345
"46 Vestland";"055 55 ar";"2022";"Personer";8247
"46 Vestland";"056 56 ar";"2022";"Personer";7977
"46 Vestland";"057 57 ar";"2022";"Personer";7918
"46 Vestland";"058 58 ar";"2022";"Personer";7584
"46 Vestland";"059 59 ar";"2022";"Personer";7503
"46 Vestland";"060 60 ar";"2022";"Personer";7404
"46 Vestland";"061 61 ar";"2022";"Personer";7224
"46 Vestland";"062 62 ar";"2022";"Personer";7416
"46 Vestland";"063 63 ar";"2022";"Personer";7186
"46 Vestland";"064 64 ar";"2022";"Personer";6889
"46 Vestland";"065 65 ar";"2022";"Personer";6861
"46 Vestland";"066 66 ar";"2022";"Personer";6767
"46 Vestland";"067 67 ar";"2022";"Personer";6576
"46 Vestland";"068 68 ar";"2022";"Personer";6440
"46 Vestland";"069 69 ar";"2022";"Personer";6444
"46 Vestland";"070 70 ar";"2022";"Personer";6016
"46 Vestland";"071 71 ar";"2022";"Personer";6081
"46 Vestland";"072 72 ar";"2022";"Personer";5946
"46 Vestland";"073 73 ar";"2022";"Personer";5853
"46 Vestland";"074 74 ar";"2022";"Personer";5990
"46 Vestland";"075 75 ar";"2022";"Personer";5993
"46 Vestland";"076 76 ar";"2022";"Personer";5041
"46 Vestland";"077 77 ar";"2022";"Personer";4755
"46 Vestland";"078 78 ar";"2022";"Personer";4073
"46 Vestland";"079 79 ar";"2022";"Personer";3679
"46 Vestland";"080 80 ar";"2022";"Personer";3236
"46 Vestland";"081 81 ar";"2022";"Personer";3241
"46 Vestland";"082 82 ar";"2022";"Personer";2907
"46 Vestland";"083 83 ar";"2022";"Personer";2748
"46 Vestland";"084 84 ar";"2022";"Personer";2434
"46 Vestland";"085 85 ar";"2022";"Personer";2226
"46 Vestland";"086 86 ar";"2022";"Personer";1903
"46 Vestland";"087 87 ar";"2022";"Personer";1814
"46 Vestland";"088 88 ar";"2022";"Personer";1622
"46 Vestland";"089 89 ar";"2022";"Personer";1488
"46 Vestland";"090 90 ar";"2022";"Personer";1317
"46 Vestland";"091 91 ar";"2022";"Personer";1116
"46 Vestland";"092 92 ar";"2022";"Personer";946
"46 Vestland";"093 93 ar";"2022";"Personer";713
"46 Vestland";"094 94 ar";"2022";"Personer";612
"46 Vestland";"095 95 ar";"2022";"Personer";432
"46 Vestland";"096 96 ar";"2022";"Personer";358
"46 Vestland";"097 97 ar";"2022";"Personer";302
"46 Vestland";"098 98 ar";"2022";"Personer";204
"46 Vestland";"099 99 ar";"2022";"Personer";143
"46 Vestland";"100 100 ar";"2022";"Personer";92
"46 Vestland";"101 101 ar";"2022";"Personer";59
"46 Vestland";"102 102 ar";"2022";"Personer";34
"46 Vestland";"103 103 ar";"2022";"Personer";15
"46 Vestland";"104 104 ar";"2022";"Personer";13
"46 Vestland";"105+ 105 ar eller eldre";"2022";"Personer";8
"15 Møre og Romsdal";"000 0 ar";"2022";"Personer";2702
"15 Møre og Romsdal";"001 1 ar";"2022";"Personer";2511
"15 Møre og Romsdal";"002 2 ar";"2022";"Personer";2650
"15 Møre og Romsdal";"003 3 ar";"2022";"Personer";2758
"15 Møre og Romsdal";"004 4 ar";"2022";"Personer";2832
"15 Møre og Romsdal";"005 5 ar";"2022";"Personer";2892
"15 Møre og Romsdal";"006 6 ar";"2022";"Personer";2913
"15 Møre og Romsdal";"007 7 ar";"2022";"Personer";2906
"15 Møre og Romsdal";"008 8 ar";"2022";"Personer";3037
"15 Møre og Romsdal";"009 9 ar";"2022";"Personer";3138
"15 Møre og Romsdal";"010 10 ar";"2022";"Personer";3205
"15 Møre og Romsdal";"011 11 ar";"2022";"Personer";3205
"15 Møre og Romsdal";"012 12 ar";"2022";"Personer";3422
"15 Møre og Romsdal";"013 13 ar";"2022";"Personer";3299
"15 Møre og Romsdal";"014 14 ar";"2022";"Personer";3311
"15 Møre og Romsdal";"015 15 ar";"2022";"Personer";3247
"15 Møre og Romsdal";"016 16 ar";"2022";"Personer";3258
"15 Møre og Romsdal";"017 17 ar";"2022";"Personer";3367
"15 Møre og Romsdal";"018 18 ar";"2022";"Personer";3339
"15 Møre og Romsdal";"019 19 ar";"2022";"Personer";3203
"15 Møre og Romsdal";"020 20 ar";"2022";"Personer";3384
"15 Møre og Romsdal";"021 21 ar";"2022";"Personer";3316
"15 Møre og Romsdal";"022 22 ar";"2022";"Personer";3329
"15 Møre og Romsdal";"023 23 ar";"2022";"Personer";3132
"15 Møre og Romsdal";"024 24 ar";"2022";"Personer";3081
"15 Møre og Romsdal";"025 25 ar";"2022";"Personer";3098
"15 Møre og Romsdal";"026 26 ar";"2022";"Personer";3035
"15 Møre og Romsdal";"027 27 ar";"2022";"Personer";3020
"15 Møre og Romsdal";"028 28 ar";"2022";"Personer";3102
"15 Møre og Romsdal";"029 29 ar";"2022";"Personer";3040
"15 Møre og Romsdal";"030 30 ar";"2022";"Personer";3316
"15 Møre og Romsdal";"031 31 ar";"2022";"Personer";3349
"15 Møre og Romsdal";"032 32 ar";"2022";"Personer";3322
"15 Møre og Romsdal";"033 33 ar";"2022";"Personer";3340
"15 Møre og Romsdal";"034 34 ar";"2022";"Personer";3274
"15 Møre og Romsdal";"035 35 ar";"2022";"Personer";3343
"15 Møre og Romsdal";"036 36 ar";"2022";"Personer";3312
"15 Møre og Romsdal";"037 37 ar";"2022";"Personer";3347
"15 Møre og Romsdal";"038 38 ar";"2022";"Personer";3394
"15 Møre og Romsdal";"039 39 ar";"2022";"Personer";3319
"15 Møre og Romsdal";"040 40 ar";"2022";"Personer";3272
"15 Møre og Romsdal";"041 41 ar";"2022";"Personer";3331
"15 Møre og Romsdal";"042 42 ar";"2022";"Personer";3314
"15 Møre og Romsdal";"043 43 ar";"2022";"Personer";3184
"15 Møre og Romsdal";"044 44 ar";"2022";"Personer";3124
"15 Møre og Romsdal";"045 45 ar";"2022";"Personer";3216
"15 Møre og Romsdal";"046 46 ar";"2022";"Personer";3166
"15 Møre og Romsdal";"047 47 ar";"2022";"Personer";3428
"15 Møre og Romsdal";"048 48 ar";"2022";"Personer";3499
"15 Møre og Romsdal";"049 49 ar";"2022";"Personer";3709
"15 Møre og Romsdal";"050 50 ar";"2022";"Personer";3658
"15 Møre og Romsdal";"051 51 ar";"2022";"Personer";3692
"15 Møre og Romsdal";"052 52 ar";"2022";"Personer";3793
"15 Møre og Romsdal";"053 53 ar";"2022";"Personer";3769
"15 Møre og Romsdal";"054 54 ar";"2022";"Personer";3638
"15 Møre og Romsdal";"055 55 ar";"2022";"Personer";3451
"15 Møre og Romsdal";"056 56 ar";"2022";"Personer";3409
"15 Møre og Romsdal";"057 57 ar";"2022";"Personer";3317
"15 Møre og Romsdal";"058 58 ar";"2022";"Personer";3271
"15 Møre og Romsdal";"059 59 ar";"2022";"Personer";3260
"15 Møre og Romsdal";"060 60 ar";"2022";"Personer";3257
"15 Møre og Romsdal";"061 61 ar";"2022";"Personer";3231
"15 Møre og Romsdal";"062 62 ar";"2022";"Personer";3310
"15 Møre og Romsdal";"063 63 ar";"2022";"Personer";3309
"15 Møre og Romsdal";"064 64 ar";"2022";"Personer";3209
"15 Møre og Romsdal";"065 65 ar";"2022";"Personer";3409
"15 Møre og Romsdal";"066 66 ar";"2022";"Personer";3185
"15 Møre og Romsdal";"067 67 ar";"2022";"Personer";3183
"15 Møre og Romsdal";"068 68 ar";"2022";"Personer";3059
"15 Møre og Romsdal";"069 69 ar";"2022";"Personer";3132
"15 Møre og Romsdal";"070 70 ar";"2022";"Personer";2911
"15 Møre og Romsdal";"071 71 ar";"2022";"Personer";2890
"15 Møre og Romsdal";"072 72 ar";"2022";"Personer";2830
"15 Møre og Romsdal";"073 73 ar";"2022";"Personer";2839
"15 Møre og Romsdal";"074 74 ar";"2022";"Personer";2713
"15 Møre og Romsdal";"075 75 ar";"2022";"Personer";2725
"15 Møre og Romsdal";"076 76 ar";"2022";"Personer";2455
"15 Møre og Romsdal";"077 77 ar";"2022";"Personer";2273
"15 Møre og Romsdal";"078 78 ar";"2022";"Personer";1993
"15 Møre og Romsdal";"079 79 ar";"2022";"Personer";1726
"15 Møre og Romsdal";"080 80 ar";"2022";"Personer";1543
"15 Møre og Romsdal";"081 81 ar";"2022";"Personer";1446
"15 Møre og Romsdal";"082 82 ar";"2022";"Personer";1385
"15 Møre og Romsdal";"083 83 ar";"2022";"Personer";1179
"15 Møre og Romsdal";"084 84 ar";"2022";"Personer";1065
"15 Møre og Romsdal";"085 85 ar";"2022";"Personer";971
"15 Møre og Romsdal";"086 86 ar";"2022";"Personer";902
"15 Møre og Romsdal";"087 87 ar";"2022";"Personer";843
"15 Møre og Romsdal";"088 88 ar";"2022";"Personer";742
"15 Møre og Romsdal";"089 89 ar";"2022";"Personer";675
"15 Møre og Romsdal";"090 90 ar";"2022";"Personer";560
"15 Møre og Romsdal";"091 91 ar";"2022";"Personer";547
"15 Møre og Romsdal";"092 92 ar";"2022";"Personer";411
"15 Møre og Romsdal";"093 93 ar";"2022";"Personer";386
"15 Møre og Romsdal";"094 94 ar";"2022";"Personer";304
"15 Møre og Romsdal";"095 95 ar";"2022";"Personer";233
"15 Møre og Romsdal";"096 96 ar";"2022";"Personer";167
"15 Møre og Romsdal";"097 97 ar";"2022";"Personer";127
"15 Møre og Romsdal";"098 98 ar";"2022";"Personer";63
"15 Møre og Romsdal";"099 99 ar";"2022";"Personer";41
"15 Møre og Romsdal";"100 100 ar";"2022";"Personer";34
"15 Møre og Romsdal";"101 101 ar";"2022";"Personer";14
"15 Møre og Romsdal";"102 102 ar";"2022";"Personer";14
"15 Møre og Romsdal";"103 103 ar";"2022";"Personer";3
"15 Møre og Romsdal";"104 104 ar";"2022";"Personer";1
"15 Møre og Romsdal";"105+ 105 ar eller eldre";"2022";"Personer";4
"50 Trøndelag - Trööndelage";"000 0 ar";"2022";"Personer";4931
"50 Trøndelag - Trööndelage";"001 1 ar";"2022";"Personer";4611
"50 Trøndelag - Trööndelage";"002 2 ar";"2022";"Personer";4737
"50 Trøndelag - Trööndelage";"003 3 ar";"2022";"Personer";4786
"50 Trøndelag - Trööndelage";"004 4 ar";"2022";"Personer";5002
"50 Trøndelag - Trööndelage";"005 5 ar";"2022";"Personer";5227
"50 Trøndelag - Trööndelage";"006 6 ar";"2022";"Personer";5257
"50 Trøndelag - Trööndelage";"007 7 ar";"2022";"Personer";5331
"50 Trøndelag - Trööndelage";"008 8 ar";"2022";"Personer";5460
"50 Trøndelag - Trööndelage";"009 9 ar";"2022";"Personer";5344
"50 Trøndelag - Trööndelage";"010 10 ar";"2022";"Personer";5506
"50 Trøndelag - Trööndelage";"011 11 ar";"2022";"Personer";5697
"50 Trøndelag - Trööndelage";"012 12 ar";"2022";"Personer";5702
"50 Trøndelag - Trööndelage";"013 13 ar";"2022";"Personer";5697
"50 Trøndelag - Trööndelage";"014 14 ar";"2022";"Personer";5516
"50 Trøndelag - Trööndelage";"015 15 ar";"2022";"Personer";5591
"50 Trøndelag - Trööndelage";"016 16 ar";"2022";"Personer";5479
"50 Trøndelag - Trööndelage";"017 17 ar";"2022";"Personer";5474
"50 Trøndelag - Trööndelage";"018 18 ar";"2022";"Personer";5419
"50 Trøndelag - Trööndelage";"019 19 ar";"2022";"Personer";5571
"50 Trøndelag - Trööndelage";"020 20 ar";"2022";"Personer";6144
"50 Trøndelag - Trööndelage";"021 21 ar";"2022";"Personer";6747
"50 Trøndelag - Trööndelage";"022 22 ar";"2022";"Personer";6825
"50 Trøndelag - Trööndelage";"023 23 ar";"2022";"Personer";7214
"50 Trøndelag - Trööndelage";"024 24 ar";"2022";"Personer";7242
"50 Trøndelag - Trööndelage";"025 25 ar";"2022";"Personer";7349
"50 Trøndelag - Trööndelage";"026 26 ar";"2022";"Personer";6979
"50 Trøndelag - Trööndelage";"027 27 ar";"2022";"Personer";6930
"50 Trøndelag - Trööndelage";"028 28 ar";"2022";"Personer";6784
"50 Trøndelag - Trööndelage";"029 29 ar";"2022";"Personer";6915
"50 Trøndelag - Trööndelage";"030 30 ar";"2022";"Personer";6944
"50 Trøndelag - Trööndelage";"031 31 ar";"2022";"Personer";6920
"50 Trøndelag - Trööndelage";"032 32 ar";"2022";"Personer";6749
"50 Trøndelag - Trööndelage";"033 33 ar";"2022";"Personer";6673
"50 Trøndelag - Trööndelage";"034 34 ar";"2022";"Personer";6264
"50 Trøndelag - Trööndelage";"035 35 ar";"2022";"Personer";6286
"50 Trøndelag - Trööndelage";"036 36 ar";"2022";"Personer";6179
"50 Trøndelag - Trööndelage";"037 37 ar";"2022";"Personer";5959
"50 Trøndelag - Trööndelage";"038 38 ar";"2022";"Personer";5883
"50 Trøndelag - Trööndelage";"039 39 ar";"2022";"Personer";5962
"50 Trøndelag - Trööndelage";"040 40 ar";"2022";"Personer";5743
"50 Trøndelag - Trööndelage";"041 41 ar";"2022";"Personer";5775
"50 Trøndelag - Trööndelage";"042 42 ar";"2022";"Personer";5729
"50 Trøndelag - Trööndelage";"043 43 ar";"2022";"Personer";5630
"50 Trøndelag - Trööndelage";"044 44 ar";"2022";"Personer";5520
"50 Trøndelag - Trööndelage";"045 45 ar";"2022";"Personer";5568
"50 Trøndelag - Trööndelage";"046 46 ar";"2022";"Personer";5760
"50 Trøndelag - Trööndelage";"047 47 ar";"2022";"Personer";6156
"50 Trøndelag - Trööndelage";"048 48 ar";"2022";"Personer";6218
"50 Trøndelag - Trööndelage";"049 49 ar";"2022";"Personer";6326
"50 Trøndelag - Trööndelage";"050 50 ar";"2022";"Personer";6364
"50 Trøndelag - Trööndelage";"051 51 ar";"2022";"Personer";6253
"50 Trøndelag - Trööndelage";"052 52 ar";"2022";"Personer";6468
"50 Trøndelag - Trööndelage";"053 53 ar";"2022";"Personer";6561
"50 Trøndelag - Trööndelage";"054 54 ar";"2022";"Personer";6181
"50 Trøndelag - Trööndelage";"055 55 ar";"2022";"Personer";6311
"50 Trøndelag - Trööndelage";"056 56 ar";"2022";"Personer";6240
"50 Trøndelag - Trööndelage";"057 57 ar";"2022";"Personer";5898
"50 Trøndelag - Trööndelage";"058 58 ar";"2022";"Personer";5762
"50 Trøndelag - Trööndelage";"059 59 ar";"2022";"Personer";5583
"50 Trøndelag - Trööndelage";"060 60 ar";"2022";"Personer";5386
"50 Trøndelag - Trööndelage";"061 61 ar";"2022";"Personer";5296
"50 Trøndelag - Trööndelage";"062 62 ar";"2022";"Personer";5358
"50 Trøndelag - Trööndelage";"063 63 ar";"2022";"Personer";5310
"50 Trøndelag - Trööndelage";"064 64 ar";"2022";"Personer";5222
"50 Trøndelag - Trööndelage";"065 65 ar";"2022";"Personer";5284
"50 Trøndelag - Trööndelage";"066 66 ar";"2022";"Personer";5186
"50 Trøndelag - Trööndelage";"067 67 ar";"2022";"Personer";5016
"50 Trøndelag - Trööndelage";"068 68 ar";"2022";"Personer";4855
"50 Trøndelag - Trööndelage";"069 69 ar";"2022";"Personer";4841
"50 Trøndelag - Trööndelage";"070 70 ar";"2022";"Personer";4703
"50 Trøndelag - Trööndelage";"071 71 ar";"2022";"Personer";4520
"50 Trøndelag - Trööndelage";"072 72 ar";"2022";"Personer";4437
"50 Trøndelag - Trööndelage";"073 73 ar";"2022";"Personer";4592
"50 Trøndelag - Trööndelage";"074 74 ar";"2022";"Personer";4392
"50 Trøndelag - Trööndelage";"075 75 ar";"2022";"Personer";4529
"50 Trøndelag - Trööndelage";"076 76 ar";"2022";"Personer";4168
"50 Trøndelag - Trööndelage";"077 77 ar";"2022";"Personer";3699
"50 Trøndelag - Trööndelage";"078 78 ar";"2022";"Personer";3487
"50 Trøndelag - Trööndelage";"079 79 ar";"2022";"Personer";3028
"50 Trøndelag - Trööndelage";"080 80 ar";"2022";"Personer";2693
"50 Trøndelag - Trööndelage";"081 81 ar";"2022";"Personer";2382
"50 Trøndelag - Trööndelage";"082 82 ar";"2022";"Personer";2235
"50 Trøndelag - Trööndelage";"083 83 ar";"2022";"Personer";1946
"50 Trøndelag - Trööndelage";"084 84 ar";"2022";"Personer";1717
"50 Trøndelag - Trööndelage";"085 85 ar";"2022";"Personer";1599
"50 Trøndelag - Trööndelage";"086 86 ar";"2022";"Personer";1391
"50 Trøndelag - Trööndelage";"087 87 ar";"2022";"Personer";1327
"50 Trøndelag - Trööndelage";"088 88 ar";"2022";"Personer";1112
"50 Trøndelag - Trööndelage";"089 89 ar";"2022";"Personer";1066
"50 Trøndelag - Trööndelage";"090 90 ar";"2022";"Personer";851
"50 Trøndelag - Trööndelage";"091 91 ar";"2022";"Personer";737
"50 Trøndelag - Trööndelage";"092 92 ar";"2022";"Personer";598
"50 Trøndelag - Trööndelage";"093 93 ar";"2022";"Personer";516
"50 Trøndelag - Trööndelage";"094 94 ar";"2022";"Personer";362
"50 Trøndelag - Trööndelage";"095 95 ar";"2022";"Personer";332
"50 Trøndelag - Trööndelage";"096 96 ar";"2022";"Personer";192
"50 Trøndelag - Trööndelage";"097 97 ar";"2022";"Personer";166
"50 Trøndelag - Trööndelage";"098 98 ar";"2022";"Personer";104
"50 Trøndelag - Trööndelage";"099 99 ar";"2022";"Personer";68
"50 Trøndelag - Trööndelage";"100 100 ar";"2022";"Personer";43
"50 Trøndelag - Trööndelage";"101 101 ar";"2022";"Personer";30
"50 Trøndelag - Trööndelage";"102 102 ar";"2022";"Personer";6
"50 Trøndelag - Trööndelage";"103 103 ar";"2022";"Personer";7
"50 Trøndelag - Trööndelage";"104 104 ar";"2022";"Personer";4
"50 Trøndelag - Trööndelage";"105+ 105 ar eller eldre";"2022";"Personer";6
"18 Nordland - Nordlánnda";"000 0 ar";"2022";"Personer";2275
"18 Nordland - Nordlánnda";"001 1 ar";"2022";"Personer";2046
"18 Nordland - Nordlánnda";"002 2 ar";"2022";"Personer";2200
"18 Nordland - Nordlánnda";"003 3 ar";"2022";"Personer";2224
"18 Nordland - Nordlánnda";"004 4 ar";"2022";"Personer";2341
"18 Nordland - Nordlánnda";"005 5 ar";"2022";"Personer";2456
"18 Nordland - Nordlánnda";"006 6 ar";"2022";"Personer";2502
"18 Nordland - Nordlánnda";"007 7 ar";"2022";"Personer";2532
"18 Nordland - Nordlánnda";"008 8 ar";"2022";"Personer";2628
"18 Nordland - Nordlánnda";"009 9 ar";"2022";"Personer";2613
"18 Nordland - Nordlánnda";"010 10 ar";"2022";"Personer";2687
"18 Nordland - Nordlánnda";"011 11 ar";"2022";"Personer";2716
"18 Nordland - Nordlánnda";"012 12 ar";"2022";"Personer";2868
"18 Nordland - Nordlánnda";"013 13 ar";"2022";"Personer";2810
"18 Nordland - Nordlánnda";"014 14 ar";"2022";"Personer";2834
"18 Nordland - Nordlánnda";"015 15 ar";"2022";"Personer";2643
"18 Nordland - Nordlánnda";"016 16 ar";"2022";"Personer";2797
"18 Nordland - Nordlánnda";"017 17 ar";"2022";"Personer";2770
"18 Nordland - Nordlánnda";"018 18 ar";"2022";"Personer";2826
"18 Nordland - Nordlánnda";"019 19 ar";"2022";"Personer";2798
"18 Nordland - Nordlánnda";"020 20 ar";"2022";"Personer";2742
"18 Nordland - Nordlánnda";"021 21 ar";"2022";"Personer";2820
"18 Nordland - Nordlánnda";"022 22 ar";"2022";"Personer";2907
"18 Nordland - Nordlánnda";"023 23 ar";"2022";"Personer";2770
"18 Nordland - Nordlánnda";"024 24 ar";"2022";"Personer";2918
"18 Nordland - Nordlánnda";"025 25 ar";"2022";"Personer";2922
"18 Nordland - Nordlánnda";"026 26 ar";"2022";"Personer";2973
"18 Nordland - Nordlánnda";"027 27 ar";"2022";"Personer";2982
"18 Nordland - Nordlánnda";"028 28 ar";"2022";"Personer";3122
"18 Nordland - Nordlánnda";"029 29 ar";"2022";"Personer";3158
"18 Nordland - Nordlánnda";"030 30 ar";"2022";"Personer";3149
"18 Nordland - Nordlánnda";"031 31 ar";"2022";"Personer";3131
"18 Nordland - Nordlánnda";"032 32 ar";"2022";"Personer";3102
"18 Nordland - Nordlánnda";"033 33 ar";"2022";"Personer";3192
"18 Nordland - Nordlánnda";"034 34 ar";"2022";"Personer";2845
"18 Nordland - Nordlánnda";"035 35 ar";"2022";"Personer";2891
"18 Nordland - Nordlánnda";"036 36 ar";"2022";"Personer";2823
"18 Nordland - Nordlánnda";"037 37 ar";"2022";"Personer";2793
"18 Nordland - Nordlánnda";"038 38 ar";"2022";"Personer";2746
"18 Nordland - Nordlánnda";"039 39 ar";"2022";"Personer";2730
"18 Nordland - Nordlánnda";"040 40 ar";"2022";"Personer";2793
"18 Nordland - Nordlánnda";"041 41 ar";"2022";"Personer";2744
"18 Nordland - Nordlánnda";"042 42 ar";"2022";"Personer";2694
"18 Nordland - Nordlánnda";"043 43 ar";"2022";"Personer";2731
"18 Nordland - Nordlánnda";"044 44 ar";"2022";"Personer";2632
"18 Nordland - Nordlánnda";"045 45 ar";"2022";"Personer";2627
"18 Nordland - Nordlánnda";"046 46 ar";"2022";"Personer";2849
"18 Nordland - Nordlánnda";"047 47 ar";"2022";"Personer";3001
"18 Nordland - Nordlánnda";"048 48 ar";"2022";"Personer";2969
"18 Nordland - Nordlánnda";"049 49 ar";"2022";"Personer";3191
"18 Nordland - Nordlánnda";"050 50 ar";"2022";"Personer";3296
"18 Nordland - Nordlánnda";"051 51 ar";"2022";"Personer";3333
"18 Nordland - Nordlánnda";"052 52 ar";"2022";"Personer";3552
"18 Nordland - Nordlánnda";"053 53 ar";"2022";"Personer";3555
"18 Nordland - Nordlánnda";"054 54 ar";"2022";"Personer";3517
"18 Nordland - Nordlánnda";"055 55 ar";"2022";"Personer";3444
"18 Nordland - Nordlánnda";"056 56 ar";"2022";"Personer";3440
"18 Nordland - Nordlánnda";"057 57 ar";"2022";"Personer";3415
"18 Nordland - Nordlánnda";"058 58 ar";"2022";"Personer";3195
"18 Nordland - Nordlánnda";"059 59 ar";"2022";"Personer";3218
"18 Nordland - Nordlánnda";"060 60 ar";"2022";"Personer";3166
"18 Nordland - Nordlánnda";"061 61 ar";"2022";"Personer";3057
"18 Nordland - Nordlánnda";"062 62 ar";"2022";"Personer";3139
"18 Nordland - Nordlánnda";"063 63 ar";"2022";"Personer";2916
"18 Nordland - Nordlánnda";"064 64 ar";"2022";"Personer";2962
"18 Nordland - Nordlánnda";"065 65 ar";"2022";"Personer";3187
"18 Nordland - Nordlánnda";"066 66 ar";"2022";"Personer";3043
"18 Nordland - Nordlánnda";"067 67 ar";"2022";"Personer";3008
"18 Nordland - Nordlánnda";"068 68 ar";"2022";"Personer";2993
"18 Nordland - Nordlánnda";"069 69 ar";"2022";"Personer";2843
"18 Nordland - Nordlánnda";"070 70 ar";"2022";"Personer";2661
"18 Nordland - Nordlánnda";"071 71 ar";"2022";"Personer";2673
"18 Nordland - Nordlánnda";"072 72 ar";"2022";"Personer";2705
"18 Nordland - Nordlánnda";"073 73 ar";"2022";"Personer";2665
"18 Nordland - Nordlánnda";"074 74 ar";"2022";"Personer";2630
"18 Nordland - Nordlánnda";"075 75 ar";"2022";"Personer";2615
"18 Nordland - Nordlánnda";"076 76 ar";"2022";"Personer";2375
"18 Nordland - Nordlánnda";"077 77 ar";"2022";"Personer";2188
"18 Nordland - Nordlánnda";"078 78 ar";"2022";"Personer";1941
"18 Nordland - Nordlánnda";"079 79 ar";"2022";"Personer";1851
"18 Nordland - Nordlánnda";"080 80 ar";"2022";"Personer";1563
"18 Nordland - Nordlánnda";"081 81 ar";"2022";"Personer";1438
"18 Nordland - Nordlánnda";"082 82 ar";"2022";"Personer";1360
"18 Nordland - Nordlánnda";"083 83 ar";"2022";"Personer";1255
"18 Nordland - Nordlánnda";"084 84 ar";"2022";"Personer";1127
"18 Nordland - Nordlánnda";"085 85 ar";"2022";"Personer";1000
"18 Nordland - Nordlánnda";"086 86 ar";"2022";"Personer";846
"18 Nordland - Nordlánnda";"087 87 ar";"2022";"Personer";716
"18 Nordland - Nordlánnda";"088 88 ar";"2022";"Personer";713
"18 Nordland - Nordlánnda";"089 89 ar";"2022";"Personer";614
"18 Nordland - Nordlánnda";"090 90 ar";"2022";"Personer";557
"18 Nordland - Nordlánnda";"091 91 ar";"2022";"Personer";435
"18 Nordland - Nordlánnda";"092 92 ar";"2022";"Personer";357
"18 Nordland - Nordlánnda";"093 93 ar";"2022";"Personer";317
"18 Nordland - Nordlánnda";"094 94 ar";"2022";"Personer";256
"18 Nordland - Nordlánnda";"095 95 ar";"2022";"Personer";163
"18 Nordland - Nordlánnda";"096 96 ar";"2022";"Personer";119
"18 Nordland - Nordlánnda";"097 97 ar";"2022";"Personer";85
"18 Nordland - Nordlánnda";"098 98 ar";"2022";"Personer";76
"18 Nordland - Nordlánnda";"099 99 ar";"2022";"Personer";39
"18 Nordland - Nordlánnda";"100 100 ar";"2022";"Personer";26
"18 Nordland - Nordlánnda";"101 101 ar";"2022";"Personer";8
"18 Nordland - Nordlánnda";"102 102 ar";"2022";"Personer";9
"18 Nordland - Nordlánnda";"103 103 ar";"2022";"Personer";7
"18 Nordland - Nordlánnda";"104 104 ar";"2022";"Personer";3
"18 Nordland - Nordlánnda";"105+ 105 ar eller eldre";"2022";"Personer";5
"54 Troms og Finnmark - Romsa ja Finnmárku";"000 0 ar";"2022";"Personer";2419
"54 Troms og Finnmark - Romsa ja Finnmárku";"001 1 ar";"2022";"Personer";2172
"54 Troms og Finnmark - Romsa ja Finnmárku";"002 2 ar";"2022";"Personer";2260
"54 Troms og Finnmark - Romsa ja Finnmárku";"003 3 ar";"2022";"Personer";2258
"54 Troms og Finnmark - Romsa ja Finnmárku";"004 4 ar";"2022";"Personer";2334
"54 Troms og Finnmark - Romsa ja Finnmárku";"005 5 ar";"2022";"Personer";2426
"54 Troms og Finnmark - Romsa ja Finnmárku";"006 6 ar";"2022";"Personer";2455
"54 Troms og Finnmark - Romsa ja Finnmárku";"007 7 ar";"2022";"Personer";2455
"54 Troms og Finnmark - Romsa ja Finnmárku";"008 8 ar";"2022";"Personer";2524
"54 Troms og Finnmark - Romsa ja Finnmárku";"009 9 ar";"2022";"Personer";2493
"54 Troms og Finnmark - Romsa ja Finnmárku";"010 10 ar";"2022";"Personer";2599
"54 Troms og Finnmark - Romsa ja Finnmárku";"011 11 ar";"2022";"Personer";2791
"54 Troms og Finnmark - Romsa ja Finnmárku";"012 12 ar";"2022";"Personer";2816
"54 Troms og Finnmark - Romsa ja Finnmárku";"013 13 ar";"2022";"Personer";2843
"54 Troms og Finnmark - Romsa ja Finnmárku";"014 14 ar";"2022";"Personer";2812
"54 Troms og Finnmark - Romsa ja Finnmárku";"015 15 ar";"2022";"Personer";2841
"54 Troms og Finnmark - Romsa ja Finnmárku";"016 16 ar";"2022";"Personer";2734
"54 Troms og Finnmark - Romsa ja Finnmárku";"017 17 ar";"2022";"Personer";2716
"54 Troms og Finnmark - Romsa ja Finnmárku";"018 18 ar";"2022";"Personer";2704
"54 Troms og Finnmark - Romsa ja Finnmárku";"019 19 ar";"2022";"Personer";2886
"54 Troms og Finnmark - Romsa ja Finnmárku";"020 20 ar";"2022";"Personer";2949
"54 Troms og Finnmark - Romsa ja Finnmárku";"021 21 ar";"2022";"Personer";3356
"54 Troms og Finnmark - Romsa ja Finnmárku";"022 22 ar";"2022";"Personer";3277
"54 Troms og Finnmark - Romsa ja Finnmárku";"023 23 ar";"2022";"Personer";3347
"54 Troms og Finnmark - Romsa ja Finnmárku";"024 24 ar";"2022";"Personer";3393
"54 Troms og Finnmark - Romsa ja Finnmárku";"025 25 ar";"2022";"Personer";3493
"54 Troms og Finnmark - Romsa ja Finnmárku";"026 26 ar";"2022";"Personer";3646
"54 Troms og Finnmark - Romsa ja Finnmárku";"027 27 ar";"2022";"Personer";3520
"54 Troms og Finnmark - Romsa ja Finnmárku";"028 28 ar";"2022";"Personer";3462
"54 Troms og Finnmark - Romsa ja Finnmárku";"029 29 ar";"2022";"Personer";3523
"54 Troms og Finnmark - Romsa ja Finnmárku";"030 30 ar";"2022";"Personer";3559
"54 Troms og Finnmark - Romsa ja Finnmárku";"031 31 ar";"2022";"Personer";3628
"54 Troms og Finnmark - Romsa ja Finnmárku";"032 32 ar";"2022";"Personer";3391
"54 Troms og Finnmark - Romsa ja Finnmárku";"033 33 ar";"2022";"Personer";3220
"54 Troms og Finnmark - Romsa ja Finnmárku";"034 34 ar";"2022";"Personer";3049
"54 Troms og Finnmark - Romsa ja Finnmárku";"035 35 ar";"2022";"Personer";3023
"54 Troms og Finnmark - Romsa ja Finnmárku";"036 36 ar";"2022";"Personer";3029
"54 Troms og Finnmark - Romsa ja Finnmárku";"037 37 ar";"2022";"Personer";2838
"54 Troms og Finnmark - Romsa ja Finnmárku";"038 38 ar";"2022";"Personer";2896
"54 Troms og Finnmark - Romsa ja Finnmárku";"039 39 ar";"2022";"Personer";2877
"54 Troms og Finnmark - Romsa ja Finnmárku";"040 40 ar";"2022";"Personer";2729
"54 Troms og Finnmark - Romsa ja Finnmárku";"041 41 ar";"2022";"Personer";2797
"54 Troms og Finnmark - Romsa ja Finnmárku";"042 42 ar";"2022";"Personer";2742
"54 Troms og Finnmark - Romsa ja Finnmárku";"043 43 ar";"2022";"Personer";2738
"54 Troms og Finnmark - Romsa ja Finnmárku";"044 44 ar";"2022";"Personer";2685
"54 Troms og Finnmark - Romsa ja Finnmárku";"045 45 ar";"2022";"Personer";2873
"54 Troms og Finnmark - Romsa ja Finnmárku";"046 46 ar";"2022";"Personer";2911
"54 Troms og Finnmark - Romsa ja Finnmárku";"047 47 ar";"2022";"Personer";3211
"54 Troms og Finnmark - Romsa ja Finnmárku";"048 48 ar";"2022";"Personer";3361
"54 Troms og Finnmark - Romsa ja Finnmárku";"049 49 ar";"2022";"Personer";3436
"54 Troms og Finnmark - Romsa ja Finnmárku";"050 50 ar";"2022";"Personer";3630
"54 Troms og Finnmark - Romsa ja Finnmárku";"051 51 ar";"2022";"Personer";3591
"54 Troms og Finnmark - Romsa ja Finnmárku";"052 52 ar";"2022";"Personer";3493
"54 Troms og Finnmark - Romsa ja Finnmárku";"053 53 ar";"2022";"Personer";3512
"54 Troms og Finnmark - Romsa ja Finnmárku";"054 54 ar";"2022";"Personer";3440
"54 Troms og Finnmark - Romsa ja Finnmárku";"055 55 ar";"2022";"Personer";3410
"54 Troms og Finnmark - Romsa ja Finnmárku";"056 56 ar";"2022";"Personer";3313
"54 Troms og Finnmark - Romsa ja Finnmárku";"057 57 ar";"2022";"Personer";3333
"54 Troms og Finnmark - Romsa ja Finnmárku";"058 58 ar";"2022";"Personer";3110
"54 Troms og Finnmark - Romsa ja Finnmárku";"059 59 ar";"2022";"Personer";3046
"54 Troms og Finnmark - Romsa ja Finnmárku";"060 60 ar";"2022";"Personer";2981
"54 Troms og Finnmark - Romsa ja Finnmárku";"061 61 ar";"2022";"Personer";2874
"54 Troms og Finnmark - Romsa ja Finnmárku";"062 62 ar";"2022";"Personer";2943
"54 Troms og Finnmark - Romsa ja Finnmárku";"063 63 ar";"2022";"Personer";2744
"54 Troms og Finnmark - Romsa ja Finnmárku";"064 64 ar";"2022";"Personer";2776
"54 Troms og Finnmark - Romsa ja Finnmárku";"065 65 ar";"2022";"Personer";2864
"54 Troms og Finnmark - Romsa ja Finnmárku";"066 66 ar";"2022";"Personer";2782
"54 Troms og Finnmark - Romsa ja Finnmárku";"067 67 ar";"2022";"Personer";2739
"54 Troms og Finnmark - Romsa ja Finnmárku";"068 68 ar";"2022";"Personer";2681
"54 Troms og Finnmark - Romsa ja Finnmárku";"069 69 ar";"2022";"Personer";2604
"54 Troms og Finnmark - Romsa ja Finnmárku";"070 70 ar";"2022";"Personer";2480
"54 Troms og Finnmark - Romsa ja Finnmárku";"071 71 ar";"2022";"Personer";2593
"54 Troms og Finnmark - Romsa ja Finnmárku";"072 72 ar";"2022";"Personer";2550
"54 Troms og Finnmark - Romsa ja Finnmárku";"073 73 ar";"2022";"Personer";2530
"54 Troms og Finnmark - Romsa ja Finnmárku";"074 74 ar";"2022";"Personer";2551
"54 Troms og Finnmark - Romsa ja Finnmárku";"075 75 ar";"2022";"Personer";2304
"54 Troms og Finnmark - Romsa ja Finnmárku";"076 76 ar";"2022";"Personer";2068
"54 Troms og Finnmark - Romsa ja Finnmárku";"077 77 ar";"2022";"Personer";1965
"54 Troms og Finnmark - Romsa ja Finnmárku";"078 78 ar";"2022";"Personer";1677
"54 Troms og Finnmark - Romsa ja Finnmárku";"079 79 ar";"2022";"Personer";1654
"54 Troms og Finnmark - Romsa ja Finnmárku";"080 80 ar";"2022";"Personer";1378
"54 Troms og Finnmark - Romsa ja Finnmárku";"081 81 ar";"2022";"Personer";1298
"54 Troms og Finnmark - Romsa ja Finnmárku";"082 82 ar";"2022";"Personer";1171
"54 Troms og Finnmark - Romsa ja Finnmárku";"083 83 ar";"2022";"Personer";1086
"54 Troms og Finnmark - Romsa ja Finnmárku";"084 84 ar";"2022";"Personer";952
"54 Troms og Finnmark - Romsa ja Finnmárku";"085 85 ar";"2022";"Personer";846
"54 Troms og Finnmark - Romsa ja Finnmárku";"086 86 ar";"2022";"Personer";737
"54 Troms og Finnmark - Romsa ja Finnmárku";"087 87 ar";"2022";"Personer";636
"54 Troms og Finnmark - Romsa ja Finnmárku";"088 88 ar";"2022";"Personer";524
"54 Troms og Finnmark - Romsa ja Finnmárku";"089 89 ar";"2022";"Personer";536
"54 Troms og Finnmark - Romsa ja Finnmárku";"090 90 ar";"2022";"Personer";436
"54 Troms og Finnmark - Romsa ja Finnmárku";"091 91 ar";"2022";"Personer";361
"54 Troms og Finnmark - Romsa ja Finnmárku";"092 92 ar";"2022";"Personer";281
"54 Troms og Finnmark - Romsa ja Finnmárku";"093 93 ar";"2022";"Personer";212
"54 Troms og Finnmark - Romsa ja Finnmárku";"094 94 ar";"2022";"Personer";156
"54 Troms og Finnmark - Romsa ja Finnmárku";"095 95 ar";"2022";"Personer";139
"54 Troms og Finnmark - Romsa ja Finnmárku";"096 96 ar";"2022";"Personer";97
"54 Troms og Finnmark - Romsa ja Finnmárku";"097 97 ar";"2022";"Personer";64
"54 Troms og Finnmark - Romsa ja Finnmárku";"098 98 ar";"2022";"Personer";42
"54 Troms og Finnmark - Romsa ja Finnmárku";"099 99 ar";"2022";"Personer";15
"54 Troms og Finnmark - Romsa ja Finnmárku";"100 100 ar";"2022";"Personer";16
"54 Troms og Finnmark - Romsa ja Finnmárku";"101 101 ar";"2022";"Personer";5
"54 Troms og Finnmark - Romsa ja Finnmárku";"102 102 ar";"2022";"Personer";6
"54 Troms og Finnmark - Romsa ja Finnmárku";"103 103 ar";"2022";"Personer";5
"54 Troms og Finnmark - Romsa ja Finnmárku";"104 104 ar";"2022";"Personer";1
"54 Troms og Finnmark - Romsa ja Finnmárku";"105+ 105 ar eller eldre";"2022";"Personer";1
"21 Svalbard";"000 0 ar";"2022";"Personer";0
"21 Svalbard";"001 1 ar";"2022";"Personer";0
"21 Svalbard";"002 2 ar";"2022";"Personer";0
"21 Svalbard";"003 3 ar";"2022";"Personer";0
"21 Svalbard";"004 4 ar";"2022";"Personer";0
"21 Svalbard";"005 5 ar";"2022";"Personer";0
"21 Svalbard";"006 6 ar";"2022";"Personer";0
"21 Svalbard";"007 7 ar";"2022";"Personer";0
"21 Svalbard";"008 8 ar";"2022";"Personer";0
"21 Svalbard";"009 9 ar";"2022";"Personer";0
"21 Svalbard";"010 10 ar";"2022";"Personer";0
"21 Svalbard";"011 11 ar";"2022";"Personer";0
"21 Svalbard";"012 12 ar";"2022";"Personer";0
"21 Svalbard";"013 13 ar";"2022";"Personer";0
"21 Svalbard";"014 14 ar";"2022";"Personer";0
"21 Svalbard";"015 15 ar";"2022";"Personer";0
"21 Svalbard";"016 16 ar";"2022";"Personer";0
"21 Svalbard";"017 17 ar";"2022";"Personer";0
"21 Svalbard";"018 18 ar";"2022";"Personer";0
"21 Svalbard";"019 19 ar";"2022";"Personer";0
"21 Svalbard";"020 20 ar";"2022";"Personer";0
"21 Svalbard";"021 21 ar";"2022";"Personer";0
"21 Svalbard";"022 22 ar";"2022";"Personer";0
"21 Svalbard";"023 23 ar";"2022";"Personer";0
"21 Svalbard";"024 24 ar";"2022";"Personer";0
"21 Svalbard";"025 25 ar";"2022";"Personer";0
"21 Svalbard";"026 26 ar";"2022";"Personer";0
"21 Svalbard";"027 27 ar";"2022";"Personer";0
"21 Svalbard";"028 28 ar";"2022";"Personer";0
"21 Svalbard";"029 29 ar";"2022";"Personer";0
"21 Svalbard";"030 30 ar";"2022";"Personer";0
"21 Svalbard";"031 31 ar";"2022";"Personer";0
"21 Svalbard";"032 32 ar";"2022";"Personer";0
"21 Svalbard";"033 33 ar";"2022";"Personer";0
"21 Svalbard";"034 34 ar";"2022";"Personer";0
"21 Svalbard";"035 35 ar";"2022";"Personer";0
"21 Svalbard";"036 36 ar";"2022";"Personer";0
"21 Svalbard";"037 37 ar";"2022";"Personer";0
"21 Svalbard";"038 38 ar";"2022";"Personer";0
"21 Svalbard";"039 39 ar";"2022";"Personer";0
"21 Svalbard";"040 40 ar";"2022";"Personer";0
"21 Svalbard";"041 41 ar";"2022";"Personer";0
"21 Svalbard";"042 42 ar";"2022";"Personer";0
"21 Svalbard";"043 43 ar";"2022";"Personer";0
"21 Svalbard";"044 44 ar";"2022";"Personer";0
"21 Svalbard";"045 45 ar";"2022";"Personer";0
"21 Svalbard";"046 46 ar";"2022";"Personer";0
"21 Svalbard";"047 47 ar";"2022";"Personer";0
"21 Svalbard";"048 48 ar";"2022";"Personer";0
"21 Svalbard";"049 49 ar";"2022";"Personer";0
"21 Svalbard";"050 50 ar";"2022";"Personer";0
"21 Svalbard";"051 51 ar";"2022";"Personer";0
"21 Svalbard";"052 52 ar";"2022";"Personer";0
"21 Svalbard";"053 53 ar";"2022";"Personer";0
"21 Svalbard";"054 54 ar";"2022";"Personer";0
"21 Svalbard";"055 55 ar";"2022";"Personer";0
"21 Svalbard";"056 56 ar";"2022";"Personer";0
"21 Svalbard";"057 57 ar";"2022";"Personer";0
"21 Svalbard";"058 58 ar";"2022";"Personer";0
"21 Svalbard";"059 59 ar";"2022";"Personer";0
"21 Svalbard";"060 60 ar";"2022";"Personer";0
"21 Svalbard";"061 61 ar";"2022";"Personer";0
"21 Svalbard";"062 62 ar";"2022";"Personer";0
"21 Svalbard";"063 63 ar";"2022";"Personer";0
"21 Svalbard";"064 64 ar";"2022";"Personer";0
"21 Svalbard";"065 65 ar";"2022";"Personer";0
"21 Svalbard";"066 66 ar";"2022";"Personer";0
"21 Svalbard";"067 67 ar";"2022";"Personer";0
"21 Svalbard";"068 68 ar";"2022";"Personer";0
"21 Svalbard";"069 69 ar";"2022";"Personer";0
"21 Svalbard";"070 70 ar";"2022";"Personer";0
"21 Svalbard";"071 71 ar";"2022";"Personer";0
"21 Svalbard";"072 72 ar";"2022";"Personer";0
"21 Svalbard";"073 73 ar";"2022";"Personer";0
"21 Svalbard";"074 74 ar";"2022";"Personer";0
"21 Svalbard";"075 75 ar";"2022";"Personer";0
"21 Svalbard";"076 76 ar";"2022";"Personer";0
"21 Svalbard";"077 77 ar";"2022";"Personer";0
"21 Svalbard";"078 78 ar";"2022";"Personer";0
"21 Svalbard";"079 79 ar";"2022";"Personer";0
"21 Svalbard";"080 80 ar";"2022";"Personer";0
"21 Svalbard";"081 81 ar";"2022";"Personer";0
"21 Svalbard";"082 82 ar";"2022";"Personer";0
"21 Svalbard";"083 83 ar";"2022";"Personer";0
"21 Svalbard";"084 84 ar";"2022";"Personer";0
"21 Svalbard";"085 85 ar";"2022";"Personer";0
"21 Svalbard";"086 86 ar";"2022";"Personer";0
"21 Svalbard";"087 87 ar";"2022";"Personer";0
"21 Svalbard";"088 88 ar";"2022";"Personer";0
"21 Svalbard";"089 89 ar";"2022";"Personer";0
"21 Svalbard";"090 90 ar";"2022";"Personer";0
"21 Svalbard";"091 91 ar";"2022";"Personer";0
"21 Svalbard";"092 92 ar";"2022";"Personer";0
"21 Svalbard";"093 93 ar";"2022";"Personer";0
"21 Svalbard";"094 94 ar";"2022";"Personer";0
"21 Svalbard";"095 95 ar";"2022";"Personer";0
"21 Svalbard";"096 96 ar";"2022";"Personer";0
"21 Svalbard";"097 97 ar";"2022";"Personer";0
"21 Svalbard";"098 98 ar";"2022";"Personer";0
"21 Svalbard";"099 99 ar";"2022";"Personer";0
"21 Svalbard";"100 100 ar";"2022";"Personer";0
"21 Svalbard";"101 101 ar";"2022";"Personer";0
"21 Svalbard";"102 102 ar";"2022";"Personer";0
"21 Svalbard";"103 103 ar";"2022";"Personer";0
"21 Svalbard";"104 104 ar";"2022";"Personer";0
"21 Svalbard";"105+ 105 ar eller eldre";"2022";"Personer";0
